membernum,mid,mpass,mmail,mname,mbirth,mgender,mphone,mnickname,gymnum,tcareer,tlicence,tpr,tsysname
1,LVkUKu8,$2a$10$dwQFZgT7UfIYR4wN5KfSP.FvWtCQV3cnwvXAXJpztOp40MZnN0aC6,placerat@daum.net,송재인,2000-05-10,여,010-3068-2473,LareinaNash,1,,,,
2,KPEvgD99,$2a$10$dwQFZgT7UfIYR4wN5KfSP.FvWtCQV3cnwvXAXJpztOp40MZnN0aC6,metus@daum.net,심재규,2000-06-15,여,010-5396-4558,NashMoses,2,,,,
3,mpftYm80,$2a$10$dwQFZgT7UfIYR4wN5KfSP.FvWtCQV3cnwvXAXJpztOp40MZnN0aC6,egestas@daum.net,남궁유리,2002-01-02,남,010-7558-1290,AnikaJackson,3,,,,
4,pAyDCj87,$2a$10$dwQFZgT7UfIYR4wN5KfSP.FvWtCQV3cnwvXAXJpztOp40MZnN0aC6,lacinia@daum.net,배가영,2002-01-10,남,010-7643-5007,AllenFlynn,4,,,,
5,bFhBlX82,$2a$10$dwQFZgT7UfIYR4wN5KfSP.FvWtCQV3cnwvXAXJpztOp40MZnN0aC6,lacus@daum.net,탁경님,2002-05-04,남,010-6028-5322,CaraMiles,5,,,,
6,OXupfL93,$2a$10$dwQFZgT7UfIYR4wN5KfSP.FvWtCQV3cnwvXAXJpztOp40MZnN0aC6,consectetuer@daum.net,손여진,2002-06-15,남,010-5674-2439,RhondaParrish,6,,,,
7,AOGgfD94,$2a$10$dwQFZgT7UfIYR4wN5KfSP.FvWtCQV3cnwvXAXJpztOp40MZnN0aC6,cras@daum.net,배여진,2002-08-13,남,010-7494-8787,MelyssaJones,7,,,,
8,rnQQRX16,$2a$10$dwQFZgT7UfIYR4wN5KfSP.FvWtCQV3cnwvXAXJpztOp40MZnN0aC6,lectus@daum.net,문장미,2002-12-09,남,010-6548-6036,RayCain,8,,,,
9,pCKVyZ52,$2a$10$dwQFZgT7UfIYR4wN5KfSP.FvWtCQV3cnwvXAXJpztOp40MZnN0aC6,libero@daum.net,최민서,2003-01-23,남,010-3500-9447,DestinyGross,9,,,,
10,lXeZeG46,$2a$10$dwQFZgT7UfIYR4wN5KfSP.FvWtCQV3cnwvXAXJpztOp40MZnN0aC6,aliquam@daum.net,허재신,2003-06-22,남,010-8706-8844,AikoFry,10,,,,
11,kbKNtw24,$2a$10$dwQFZgT7UfIYR4wN5KfSP.FvWtCQV3cnwvXAXJpztOp40MZnN0aC6,utmolestie@naver.com,배민서,2003-10-21,남,010-5329-2134,GraceElliott,11,,,,
12,AwaNpX92,$2a$10$dwQFZgT7UfIYR4wN5KfSP.FvWtCQV3cnwvXAXJpztOp40MZnN0aC6,nullam@kakao.com,오재인,2004-11-30,남,010-6022-2481,RobinRiley,12,,,,
13,drVbsD35,$2a$10$dwQFZgT7UfIYR4wN5KfSP.FvWtCQV3cnwvXAXJpztOp40MZnN0aC6,facilisis@gmail.com,하지해,2004-07-28,남,010-1174-7708,LaithDuke,13,,,,
14,OsiGtD70,$2a$10$dwQFZgT7UfIYR4wN5KfSP.FvWtCQV3cnwvXAXJpztOp40MZnN0aC6,primisin@kakao.com,고재규,2004-07-01,남,010-6113-2450,TrevorBrown,14,,,,
15,ThSLIy86,$2a$10$dwQFZgT7UfIYR4wN5KfSP.FvWtCQV3cnwvXAXJpztOp40MZnN0aC6,dictum@kakao.com,배혜린,2003-12-19,남,010-4412-2888,KristenLloyd,15,,,,
16,vJrWvy93,$2a$10$dwQFZgT7UfIYR4wN5KfSP.FvWtCQV3cnwvXAXJpztOp40MZnN0aC6,netus@kakao.com,백재규,2003-12-01,남,010-1207-4661,BarbaraHoover,16,,,,
17,TQtDxG47,$2a$10$dwQFZgT7UfIYR4wN5KfSP.FvWtCQV3cnwvXAXJpztOp40MZnN0aC6,varius@naver.com,설지해,2003-09-26,남,010-6443-5661,CarissaFrazier,17,,,,
18,PnVUrU54,$2a$10$dwQFZgT7UfIYR4wN5KfSP.FvWtCQV3cnwvXAXJpztOp40MZnN0aC6,nulla@gmail.com,예영애,2002-11-21,남,010-3104-2981,TaShyaHicks,18,,,,
19,DMPycX70,$2a$10$dwQFZgT7UfIYR4wN5KfSP.FvWtCQV3cnwvXAXJpztOp40MZnN0aC6,lobortis@kakao.com,제갈재인,2002-08-28,남,010-9732-6246,수줍은고슴도치,19,,,,
20,jAupZK24,$2a$10$dwQFZgT7UfIYR4wN5KfSP.FvWtCQV3cnwvXAXJpztOp40MZnN0aC6,massa@naver.com,윤미래,2002-08-08,남,010-4050-1899,기분좋은여우,20,,,,
21,CysMvN6,$2a$10$dwQFZgT7UfIYR4wN5KfSP.FvWtCQV3cnwvXAXJpztOp40MZnN0aC6,emper@kakao.com,윤영애,1990-12-28,남,010-4024-2795,그리운너구리,,,,,
22,xbfYbE5,$2a$10$dwQFZgT7UfIYR4wN5KfSP.FvWtCQV3cnwvXAXJpztOp40MZnN0aC6,nsequat@kakao.com,최유리,1998-08-14,남,010-6562-5631,상쾌한물소,,,,,
23,HkoIQU54,$2a$10$dwQFZgT7UfIYR4wN5KfSP.FvWtCQV3cnwvXAXJpztOp40MZnN0aC6,neque@kakao.com,추이경,1996-01-01,남,010-2856-7302,열받은여우,,,,,
24,kPVGKL81,$2a$10$dwQFZgT7UfIYR4wN5KfSP.FvWtCQV3cnwvXAXJpztOp40MZnN0aC6,ante@kakao.com,박재인,1995-11-14,남,010-6512-3269,기분좋은판다,,,,,
25,XJlzSI44,$2a$10$dwQFZgT7UfIYR4wN5KfSP.FvWtCQV3cnwvXAXJpztOp40MZnN0aC6,egestas@gmail.com,심가영,1993-08-05,남,010-7841-6431,창피한수달,,,,,
26,LiaDJY73,$2a$10$dwQFZgT7UfIYR4wN5KfSP.FvWtCQV3cnwvXAXJpztOp40MZnN0aC6,sed@naver.com,최여진,1992-12-28,남,010-5010-7764,잘생긴하마,,,,,
27,hBHQUH53,$2a$10$dwQFZgT7UfIYR4wN5KfSP.FvWtCQV3cnwvXAXJpztOp40MZnN0aC6,orci@naver.com,홍재인,1992-03-11,남,010-4369-8205,위축되는다람쥐,,,,,
28,HVFGEC59,$2a$10$dwQFZgT7UfIYR4wN5KfSP.FvWtCQV3cnwvXAXJpztOp40MZnN0aC6,quisque@gmail.com,예지해,1990-05-14,남,010-9905-1882,울적한하마,,,,,
29,nSbyEW62,$2a$10$dwQFZgT7UfIYR4wN5KfSP.FvWtCQV3cnwvXAXJpztOp40MZnN0aC6,interdum@naver.com,사공애정,1988-05-05,남,010-4659-1780,자유로운사자,,,,,
30,luywdm29,$2a$10$dwQFZgT7UfIYR4wN5KfSP.FvWtCQV3cnwvXAXJpztOp40MZnN0aC6,mauris@gmail.com,유이경,1987-09-30,남,010-7938-6401,창피한기린,,,,,
31,LRLnuA54,$2a$10$dwQFZgT7UfIYR4wN5KfSP.FvWtCQV3cnwvXAXJpztOp40MZnN0aC6,velit@gmail.com,예병헌,1986-07-17,남,010-3336-1741,짜릿한원숭이,,,,,
32,wjCNPe31,$2a$10$dwQFZgT7UfIYR4wN5KfSP.FvWtCQV3cnwvXAXJpztOp40MZnN0aC6,nec@gmail.com,제갈무영,1985-12-12,남,010-7856-2198,열받은사자,,,,,
33,xupjmO48,$2a$10$dwQFZgT7UfIYR4wN5KfSP.FvWtCQV3cnwvXAXJpztOp40MZnN0aC6,amets@naver.com,류경택,1985-10-26,남,010-9972-8653,긴장되는하마,,,,,
34,ivXHjx21,$2a$10$dwQFZgT7UfIYR4wN5KfSP.FvWtCQV3cnwvXAXJpztOp40MZnN0aC6,arci@gmail.com,남궁경모,1985-03-21,남,010-5032-6992,신바람나는참새,,,,,
35,JFPoiB3,$2a$10$dwQFZgT7UfIYR4wN5KfSP.FvWtCQV3cnwvXAXJpztOp40MZnN0aC6,maecena@naver.com,홍경구,1984-03-14,남,010-1244-7806,시끄러운악어,,,,,
36,HFNzFb93,$2a$10$dwQFZgT7UfIYR4wN5KfSP.FvWtCQV3cnwvXAXJpztOp40MZnN0aC6,commo@gmail.com,사공병헌,2000-01-29,남,010-8403-6884,그리운돼지,,,,,
37,EeHFti62,$2a$10$dwQFZgT7UfIYR4wN5KfSP.FvWtCQV3cnwvXAXJpztOp40MZnN0aC6,uam@gmail.com,탁무열,2001-04-20,남,010-6650-4351,신바람나는얼룩말,,,,,
38,jIUKZZ30,$2a$10$dwQFZgT7UfIYR4wN5KfSP.FvWtCQV3cnwvXAXJpztOp40MZnN0aC6,donec@naver.com,신광조,2002-02-28,남,010-2764-2979,잘생긴얼룩말,,,,,
39,dNQzLv90,$2a$10$dwQFZgT7UfIYR4wN5KfSP.FvWtCQV3cnwvXAXJpztOp40MZnN0aC6,drerit@kakao.com,정재섭,2002-06-11,남,010-3964-5316,짜릿한하이에나,,,,,
40,hmTUpn6,$2a$10$dwQFZgT7UfIYR4wN5KfSP.FvWtCQV3cnwvXAXJpztOp40MZnN0aC6,orci@kakao.com,이남규,2002-10-04,남,010-9721-3702,잘생긴강아지,,,,,
41,tNmpZz44,$2a$10$dwQFZgT7UfIYR4wN5KfSP.FvWtCQV3cnwvXAXJpztOp40MZnN0aC6,ismod@kakao.com,허성한,2002-12-11,남,010-4831-5186,짜릿한기린,,,,,
42,jnvpxg15,$2a$10$dwQFZgT7UfIYR4wN5KfSP.FvWtCQV3cnwvXAXJpztOp40MZnN0aC6,consectetuer@kakao.com,손이수,2003-05-28,남,010-7869-2632,그리운염소,,,,,
43,rxklCb35,$2a$10$dwQFZgT7UfIYR4wN5KfSP.FvWtCQV3cnwvXAXJpztOp40MZnN0aC6,noim@gmail.com,조경모,2003-10-20,남,010-2212-7001,자유로운고양이,,,,,
44,XuLbuX96,$2a$10$dwQFZgT7UfIYR4wN5KfSP.FvWtCQV3cnwvXAXJpztOp40MZnN0aC6,ctum@naver.com,홍무영,2003-10-30,남,010-5970-1927,두려운여우,,,,,
45,yDrtNZ33,$2a$10$dwQFZgT7UfIYR4wN5KfSP.FvWtCQV3cnwvXAXJpztOp40MZnN0aC6,met@kakao.com,문무영,2003-11-20,남,010-2572-5196,그리운침팬치,,,,,
46,XFjwAH88,$2a$10$dwQFZgT7UfIYR4wN5KfSP.FvWtCQV3cnwvXAXJpztOp40MZnN0aC6,nuncc@gmail.com,설치원,2003-12-20,남,010-7768-4075,긴장되는앵무새,,,,,
47,pXwjuB24,$2a$10$dwQFZgT7UfIYR4wN5KfSP.FvWtCQV3cnwvXAXJpztOp40MZnN0aC6,phasellus@kakao.com,정무열,2004-03-02,남,010-7639-2067,잘생긴사자,,,,,
48,xYrMjZ81,$2a$10$dwQFZgT7UfIYR4wN5KfSP.FvWtCQV3cnwvXAXJpztOp40MZnN0aC6,magneque@kakao.com,봉강민,2004-06-06,남,010-4659-7974,기분좋은강아지,,,,,
49,dIUQqY68,$2a$10$dwQFZgT7UfIYR4wN5KfSP.FvWtCQV3cnwvXAXJpztOp40MZnN0aC6,dictueifend@naver.com,강철순,2000-02-24,남,010-8878-6065,기분나쁜거북이,,,,,
50,IeJtHe22,$2a$10$dwQFZgT7UfIYR4wN5KfSP.FvWtCQV3cnwvXAXJpztOp40MZnN0aC6,nec@naver.com,노오성,2000-05-11,남,010-7557-4298,배부른치타,,,,,
51,jCQVIp25,$2a$10$dwQFZgT7UfIYR4wN5KfSP.FvWtCQV3cnwvXAXJpztOp40MZnN0aC6,cras@gmail.com,류경구,2000-06-17,남,010-5824-1790,잘생긴하이에나,,,,,
52,YMFiWi76,$2a$10$dwQFZgT7UfIYR4wN5KfSP.FvWtCQV3cnwvXAXJpztOp40MZnN0aC6,pulvinar@naver.com,풍남규,2000-08-17,남,010-4782-2538,상쾌한얼룩말,,,,,
53,RqJhxA35,$2a$10$dwQFZgT7UfIYR4wN5KfSP.FvWtCQV3cnwvXAXJpztOp40MZnN0aC6,ridiculus@kakao.com,황보현승,2001-06-26,남,010-1580-9898,창피한고양이,,,,,
54,bgAJXS40,$2a$10$dwQFZgT7UfIYR4wN5KfSP.FvWtCQV3cnwvXAXJpztOp40MZnN0aC6,mpor@kakao.com,황일성,2002-01-14,남,010-6869-4537,상쾌한하이에나,,,,,
55,CwQWQM29,$2a$10$dwQFZgT7UfIYR4wN5KfSP.FvWtCQV3cnwvXAXJpztOp40MZnN0aC6,eleifenec@naver.com,손치원,2002-01-22,여,010-5336-2281,잘생긴판다,,,,,
56,MYNQtr38,$2a$10$dwQFZgT7UfIYR4wN5KfSP.FvWtCQV3cnwvXAXJpztOp40MZnN0aC6,pellentesque@gmail.com,백병헌,2002-04-02,여,010-8368-6767,자유로운돼지,,,,,
57,OnVNIO46,$2a$10$dwQFZgT7UfIYR4wN5KfSP.FvWtCQV3cnwvXAXJpztOp40MZnN0aC6,ntrum@kakao.com,표현승,2002-06-12,여,010-5536-6435,멋있는너구리,,,,,
58,MWaPko37,$2a$10$dwQFZgT7UfIYR4wN5KfSP.FvWtCQV3cnwvXAXJpztOp40MZnN0aC6,urnrat@kakao.com,정현승,2002-12-11,여,010-4891-1387,수줍은고릴라,,,,,
59,ufFjPg10,$2a$10$dwQFZgT7UfIYR4wN5KfSP.FvWtCQV3cnwvXAXJpztOp40MZnN0aC6,idisus@naver.com,황보덕수,2002-12-17,여,010-6696-2413,시끄러운악어,,,,,
60,rCWoMb72,$2a$10$dwQFZgT7UfIYR4wN5KfSP.FvWtCQV3cnwvXAXJpztOp40MZnN0aC6,vivamuolestie@naver.com,배버들,2003-07-03,여,010-6928-8057,신바람나는곰,,,,,
61,vEPiwr69,$2a$10$dwQFZgT7UfIYR4wN5KfSP.FvWtCQV3cnwvXAXJpztOp40MZnN0aC6,tae@kakao.com,이으뜸,2003-09-14,여,010-4979-8144,창피한수달,,,,,
62,DNNNUP1,$2a$10$dwQFZgT7UfIYR4wN5KfSP.FvWtCQV3cnwvXAXJpztOp40MZnN0aC6,aucon@gmail.com,전빛가람,2000-07-18,여,010-6935-1471,이쁜거북이,,,,,
63,pbaURd63,$2a$10$dwQFZgT7UfIYR4wN5KfSP.FvWtCQV3cnwvXAXJpztOp40MZnN0aC6,molllus@kakao.com,양버들,2000-07-21,여,010-7593-3213,수줍은호랑이,,,,,
64,GvAAYX96,$2a$10$dwQFZgT7UfIYR4wN5KfSP.FvWtCQV3cnwvXAXJpztOp40MZnN0aC6,nem@naver.com,정다운,2000-09-26,여,010-9649-7284,배부른코끼리,,,,,
65,bXARYG36,$2a$10$dwQFZgT7UfIYR4wN5KfSP.FvWtCQV3cnwvXAXJpztOp40MZnN0aC6,pamontes@naver.com,황보으뜸,1998-04-22,여,010-2192-7027,멋있는판다,,,,,
66,RKrERP91,$2a$10$dwQFZgT7UfIYR4wN5KfSP.FvWtCQV3cnwvXAXJpztOp40MZnN0aC6,feucerat@gmail.com,손한길,1997-03-01,여,010-5228-3597,당당한거북이,,,,,
67,kStxsD19,$2a$10$dwQFZgT7UfIYR4wN5KfSP.FvWtCQV3cnwvXAXJpztOp40MZnN0aC6,ipsor@naver.com,노한결,1996-05-05,여,010-5257-7476,심심한토끼,,,,,
68,lVUxPH11,$2a$10$dwQFZgT7UfIYR4wN5KfSP.FvWtCQV3cnwvXAXJpztOp40MZnN0aC6,forem@kakao.com,서버들,1995-08-22,여,010-6174-1061,창피한늑대,,,,,
69,esfdqe4,$2a$10$dwQFZgT7UfIYR4wN5KfSP.FvWtCQV3cnwvXAXJpztOp40MZnN0aC6,nnon@gmail.com,풍버들,1995-03-14,여,010-3892-3455,열받은호랑이,,,,,
70,BtMyBV66,$2a$10$dwQFZgT7UfIYR4wN5KfSP.FvWtCQV3cnwvXAXJpztOp40MZnN0aC6,cursus@kakao.com,장나길,1994-11-28,여,010-9012-6733,XanthusBrowning,,,,,
71,Fdwjuu30,$2a$10$dwQFZgT7UfIYR4wN5KfSP.FvWtCQV3cnwvXAXJpztOp40MZnN0aC6,iausede@gmail.com,남궁샘,1992-07-23,여,010-5213-2617,AlanaBooth,,,,,
72,mIXjcN62,$2a$10$dwQFZgT7UfIYR4wN5KfSP.FvWtCQV3cnwvXAXJpztOp40MZnN0aC6,lit@gmail.com,노버들,1991-05-21,여,010-3086-9029,ColtonPrice,,,,,
73,fIGNUQ34,$2a$10$dwQFZgT7UfIYR4wN5KfSP.FvWtCQV3cnwvXAXJpztOp40MZnN0aC6,peunc@kakao.com,남궁미르,1988-09-28,여,010-7999-7412,HannahElliott,,,,,
74,iWRNEE73,$2a$10$dwQFZgT7UfIYR4wN5KfSP.FvWtCQV3cnwvXAXJpztOp40MZnN0aC6,malesesuada@gmail.com,장샘,1988-02-14,여,010-2119-8861,ClaytonDickson,,,,,
75,FnUGNb37,$2a$10$dwQFZgT7UfIYR4wN5KfSP.FvWtCQV3cnwvXAXJpztOp40MZnN0aC6,molauris@kakao.com,손나길,1987-10-24,여,010-6391-1779,MaggyStrong,,,,,
76,fPyARE62,$2a$10$dwQFZgT7UfIYR4wN5KfSP.FvWtCQV3cnwvXAXJpztOp40MZnN0aC6,rius@gmail.com,강나길,1987-04-21,여,010-1168-5731,DaphneTyson,,,,,
77,dDRyNo64,$2a$10$dwQFZgT7UfIYR4wN5KfSP.FvWtCQV3cnwvXAXJpztOp40MZnN0aC6,auctor@gmail.com,정한길,1986-05-24,여,010-6155-2646,BenedictWhitney,,,,,
78,IUAkqh8,$2a$10$dwQFZgT7UfIYR4wN5KfSP.FvWtCQV3cnwvXAXJpztOp40MZnN0aC6,fauctus@naver.com,사공한결,1985-05-20,여,010-7525-9293,MasonCasey,,,,,
79,uzFsYa15,$2a$10$dwQFZgT7UfIYR4wN5KfSP.FvWtCQV3cnwvXAXJpztOp40MZnN0aC6,risus@naver.com,허버들,1984-11-10,여,010-3352-5238,AikoWilkerson,,,,,
80,ZXiQED2,$2a$10$dwQFZgT7UfIYR4wN5KfSP.FvWtCQV3cnwvXAXJpztOp40MZnN0aC6,bh@kakao.com,제갈버들,1998-02-20,여,010-4030-7100,GabrielLamb,,,,,
81,NTnwZQ51,$2a$10$dwQFZgT7UfIYR4wN5KfSP.FvWtCQV3cnwvXAXJpztOp40MZnN0aC6,dunt@naver.com,노빛가람,1996-06-13,여,010-9939-5995,MarciaWall,,,,,
82,EeVbkr13,$2a$10$dwQFZgT7UfIYR4wN5KfSP.FvWtCQV3cnwvXAXJpztOp40MZnN0aC6,ac@kakao.com,양한결,1995-10-19,여,010-2431-1480,멋있는고릴라,,,,,
83,bQDxrG87,$2a$10$dwQFZgT7UfIYR4wN5KfSP.FvWtCQV3cnwvXAXJpztOp40MZnN0aC6,arcu@naver.com,봉미르,1991-04-15,여,010-6139-1210,이쁜코끼리,,,,,
84,SNymQD25,$2a$10$dwQFZgT7UfIYR4wN5KfSP.FvWtCQV3cnwvXAXJpztOp40MZnN0aC6,orna@kakao.com,탁으뜸,1991-04-15,여,010-4750-5751,짜릿한고릴라,,,,,
85,ZlUJjW22,$2a$10$dwQFZgT7UfIYR4wN5KfSP.FvWtCQV3cnwvXAXJpztOp40MZnN0aC6,vestique@gmail.com,홍우람,1990-01-07,여,010-7586-5693,배부른곰,,,,,
86,UACnng72,$2a$10$dwQFZgT7UfIYR4wN5KfSP.FvWtCQV3cnwvXAXJpztOp40MZnN0aC6,accero@naver.com,봉샘,1989-04-29,여,010-7810-9250,당당한토끼,,,,,
87,KEARNo43,$2a$10$dwQFZgT7UfIYR4wN5KfSP.FvWtCQV3cnwvXAXJpztOp40MZnN0aC6,graviunc@naver.com,제갈한결,1988-07-07,여,010-5593-3076,신바람나는고양이,,,,,
88,cObTBH94,$2a$10$dwQFZgT7UfIYR4wN5KfSP.FvWtCQV3cnwvXAXJpztOp40MZnN0aC6,mauger@gmail.com,유달,1987-05-22,여,010-8359-3852,심심한침팬치,,,,,
89,kSUvTm10,$2a$10$dwQFZgT7UfIYR4wN5KfSP.FvWtCQV3cnwvXAXJpztOp40MZnN0aC6,dictuen@gmail.com,손은,1986-06-29,여,010-9053-2551,짜릿한강아지,,,,,
90,WJqdsX70,$2a$10$dwQFZgT7UfIYR4wN5KfSP.FvWtCQV3cnwvXAXJpztOp40MZnN0aC6,nibh@gmail.com,장리,1986-04-16,여,010-4300-3263,두려운돼지,,,,,
91,egvZFT27,$2a$10$dwQFZgT7UfIYR4wN5KfSP.FvWtCQV3cnwvXAXJpztOp40MZnN0aC6,sella@naver.com,박지,1998-12-20,여,010-4354-3251,상쾌한악어,,,,,
92,WpOxJF70,$2a$10$dwQFZgT7UfIYR4wN5KfSP.FvWtCQV3cnwvXAXJpztOp40MZnN0aC6,mget@gmail.com,설성,1998-09-17,여,010-7732-6613,배부른기린,,,,,
93,hbNRgS45,$2a$10$dwQFZgT7UfIYR4wN5KfSP.FvWtCQV3cnwvXAXJpztOp40MZnN0aC6,augu@gmail.com,류지,1998-07-10,여,010-7035-8156,긴장되는앵무새,,,,,
94,sBOTVe46,$2a$10$dwQFZgT7UfIYR4wN5KfSP.FvWtCQV3cnwvXAXJpztOp40MZnN0aC6,urnec@kakao.com,남설,1996-10-10,여,010-7690-7372,기분나쁜하마,,,,,
95,uaQpJM75,$2a$10$dwQFZgT7UfIYR4wN5KfSP.FvWtCQV3cnwvXAXJpztOp40MZnN0aC6,feliulla@kakao.com,정재,1996-01-15,여,010-1462-1420,시끄러운돼지,,,,,
96,QRYwMu42,$2a$10$dwQFZgT7UfIYR4wN5KfSP.FvWtCQV3cnwvXAXJpztOp40MZnN0aC6,metuvallis@naver.com,심린,1993-04-01,여,010-6252-7213,배부른하마,,,,,
97,GTNvXw17,$2a$10$dwQFZgT7UfIYR4wN5KfSP.FvWtCQV3cnwvXAXJpztOp40MZnN0aC6,nunc@gmail.com,탁현,1992-01-19,여,010-9916-7601,자유로운참새,,,,,
98,xyusWo20,$2a$10$dwQFZgT7UfIYR4wN5KfSP.FvWtCQV3cnwvXAXJpztOp40MZnN0aC6,ami@kakao.com,안란,1990-04-29,여,010-1922-6208,창피한너구리,,,,,
99,DvbrhY80,$2a$10$dwQFZgT7UfIYR4wN5KfSP.FvWtCQV3cnwvXAXJpztOp40MZnN0aC6,eleifeec@gmail.com,양유라,1989-12-22,여,010-5430-5098,울적한여우,,,,,
100,vjjyFZ75,$2a$10$dwQFZgT7UfIYR4wN5KfSP.FvWtCQV3cnwvXAXJpztOp40MZnN0aC6,laorem@naver.com,강하나,1995-09-09,여,010-9452-7515,창피한고양이,,,,,
